MAE_MWh,RMSE_MWh
44.80922531226789,54.73248549390413
